Unnamed: 0,word,file_path,saved
1805,అగ్నిమాపక యంత్రము,,False
1806,అగ్నిమాపకదళం,,False
1807,అగ్నిమాపకదళము,,False
1808,అగ్నిముఖము,,False
1809,అగ్నిముఖి,,False
1810,అగ్నిముఖుడు,,False
1811,అగ్నిమృత్తిక,,False
1812,అగ్నియిచ్చు,,False
1813,అగ్నిరజము,,False
1814,అగ్నిరేతస్సు,,False
1815,అగ్నిరోహిణి,,False
1816,అగ్నివధువు,,False
1817,అగ్నివమి న్యామము,,False
1818,అగ్నివమ్రిన్యాయము,,False
1819,అగ్నివర్ణుడు,,False
1820,అగ్నివహ్నిన్యాయము,,False
1821,అగ్నివాహము,,False
1822,అగ్నివీజము,,False
1823,అగ్నివీర్యము,,False
1824,అగ్నివేశుడు,,False
1825,అగ్నిశిఖ,,False
1826,అగ్నిశిఖము,,False
1827,అగ్నిశిఖాన్యాయము,,False
1828,అగ్నిశిల,,False
1829,అగ్నిశేఖరము,,False
1830,అగ్నిశౌచం,,False
1831,అగ్నిష్టానము,,False
1832,అగ్నిష్టోమ,,False
1833,అగ్నిష్టోమము,,False
1834,అగ్నిష్వాత్తులు,,False
1835,అగ్నిసంభవము,,False
1836,అగ్నిసంస్కారము,,False
1837,అగ్నిసాక్షి,,False
1838,అగ్నిసూక్తము,,False
1839,అగ్నిస్తంభనము,,False
1840,అగ్నిస్తంభము,,False
1841,అగ్నిస్వామి,,False
1842,అగ్నిహోత్రన్యాయము,,False
1843,అగ్నిహోత్రి,,False
1844,అగ్నీషోమీయము,,False
1845,అగ్నులు,,False
1846,అగ్నేయం,,False
1847,అగ్నేయుడు,,False
1848,అగ్న్యగారము,,False
1849,అగ్న్యానయనన్యాయము,,False
1850,అగ్న్యుపస్థానము,,False
1851,అగ్రకాయము,,False
1852,అగ్రకార్మికుడు,,False
1853,అగ్రకులస్తులు,,False
1854,అగ్రగణ్యము,,False
1855,అగ్రగణ్యుడు,,False
1856,అగ్రగము,,False
1857,అగ్రగామి,,False
1858,అగ్రగామిత్వము,,False
1859,అగ్రచర్వణకాలు,,False
1860,అగ్రజన్ముడు,,False
1861,అగ్రజుడు,,False
1862,అగ్రజుడైన,,False
1863,అగ్రజులు,,False
1864,అగ్రజ్,,False
1865,అగ్రణి,,False
1866,అగ్రతస్థలము,,False
1867,అగ్రతాంబూలము,,False
1868,అగ్రనేతలు,,False
1869,అగ్రపర్ణి,,False
1870,అగ్రపుస్తకము,,False
1871,అగ్రపూజ,,False
1872,అగ్రబీజము,,False
1873,అగ్రభాగము,,False
1874,అగ్రభాగి,,False
1875,అగ్రభుక్కు,,False
1876,అగ్రభుడు,,False
1877,అగ్రమస్తిష్కము,,False
1878,అగ్రమహిషి,,False
1879,అగ్రమాంసము,,False
1880,అగ్రయణేష్టి,,False
1881,అగ్రరాజ్యం,,False
1882,అగ్రరాజ్యము,,False
1883,అగ్రవర్ణము,,False
1884,అగ్రవర్తిత్వము,,False
1885,అగ్రసంద్య,,False
1886,అగ్రసంధ్య,,False
1887,అగ్రహనువు,,False
1888,అగ్రహముగల,,False
1889,అగ్రహాయణి,,False
1890,అగ్రహాయనము,,False
1891,అగ్రహార భుక్తులు,,False
1892,అగ్రహారము,,False
1893,అగ్రహారికుడు,,False
1894,అగ్రాంశువు,,False
1895,అగ్రాక్షి,,False
1896,అగ్రాసనము,,False
1897,అగ్రాహ్యము,,False
1898,అగ్రిమ,,False
1899,అగ్రిమము,,False
1900,అగ్రిముడు,,False
1901,అగ్రియము,,False
1902,అగ్రీయుడు,,False
1903,అగ్రేసరత్వము,,False
1904,అగ్రేసరుడు,,False
1905,అగ్రోరము,,False
1906,అఘ,,False
1907,అఘటించు,,False
1908,అఘటితము,,False
1909,అఘమర్షణ,,False
1910,అఘమర్షణము,,False
1911,అఘము,,False
1912,అఘశంసి,,False
1913,అఘాటము,,False
1914,అఘాతము,,False
1915,అఘాతించు,,False
1916,అఘాధము,,False
1917,అఘాయువు,,False
1918,అఘారము,,False
1919,అఘార్ణితము,,False
1920,అఘుడు,,False
1921,అఘోర,,False
1922,అఘోరం,,False
1923,అఘోరప్రమాణము,,False
1924,అఘోరము,,False
1925,అఘోరించు,,False
1926,అఘోరీ,,False
1927,అఘోరుడు,,False
1928,అఘోషణము,,False
1929,అఘోషము,,False
1930,అఘ్ను,,False
1931,అఘ్న్యుడు,,False
1932,అఘ్రేయము,,False
1933,అఙ్కూర,,False
1934,అఙ్గణ,,False
1935,అఙ్గారక,,False
1936,అఙ్గారధానికా,,False
1937,అఙ్గారశకటీ,,False
1938,అఙ్గుల,,False
1939,అచంచలము,,False
1940,అచఖ,,False
1941,అచతురుడు,,False
1942,అచమనము,,False
1943,అచరము,,False
1944,అచల,,False
1945,అచల బోధ,,False
1946,అచల సిద్ధాంతం,,False
1947,అచలకన్యక,,False
1948,అచలకీల,,False
1949,అచలచల న్యాయం,,False
1950,అచలచలన్యాయము,,False
1951,అచలజ,,False
1952,అచలమతం,,False
1953,అచలాత్మజ,,False
1954,అచలించు,,False
1955,అచలుడు,,False
1956,అచల్,,False
1957,అచాటము,,False
1958,అచానక్,,False
1959,అచాపలము,,False
1960,అచార్యాణి,,False
1961,అచార్యుడు,,False
1962,అచార్లు,,False
1963,అచింతితము,,False
1964,అచింత్యము,,False
1965,అచింత్యాః ఖలు యే భావా న తాం స్తర్కేణ సాధయేత్,,False
1966,అచింత్యాః ఖలు యే భావా న తాం స్తర్కేణ సాధయేత్ :,,False
1967,అచిత్తి,,False
1968,అచిరకాలము,,False
1969,అచిరద్యుతి,,False
1970,అచిరప్రభ,,False
1971,అచిరము,,False
1972,అచిరాంశువు,,False
1973,అచుంబితము,,False
1974,అచేతనంగా,,False
1975,అచేతనము,,False
1976,అచేతనమైన,,False
1977,అచేతనేష్వపి చేతనవ్యవహారో దృశ్యతే,,False
1978,అచైతన్యము,,False
1979,అచ్,,False
1980,అచ్చ,,False
1981,అచ్చం,,False
1982,అచ్చంగా,,False
1983,అచ్చకాలు బుచ్చకాలు,,False
1984,అచ్చగు,,False
1985,అచ్చట,,False
1986,అచ్చటముచ్చట,,False
1987,అచ్చట్లుముచ్చట్లు,,False
1988,అచ్చత,,False
1989,అచ్చతుకు,,False
1990,అచ్చనగాయలు,,False
1991,అచ్చనపుచ్చు,,False
1992,అచ్చభల్లము,,False
1993,అచ్చమాంబ,,False
1994,అచ్చము,,False
1995,అచ్చమైన,,False
1996,అచ్చయిన,,False
1997,అచ్చయ్య,,False
1998,అచ్చర,,False
1999,అచ్చరనది,,False
2000,అచ్చరువు,,False
2001,అచ్చలము,,False
2002,అచ్చలము :,,False
2003,అచ్చాచ్చము,,False
2004,అచ్చాణి,,False
2005,అచ్చాణీ,,False
2006,అచ్చాళి,,False
2007,అచ్చాళు,,False
2008,అచ్చిఅచ్చి,,False
2009,అచ్చిక,,False
2010,అచ్చిక బుచ్చికలాడు,,False
2011,అచ్చికబుచ్చికపు,,False
2012,అచ్చికము,,False
2013,అచ్చిద్రము,,False
2014,అచ్చినవాడు,,False
2015,అచ్చిన్నము,,False
2016,అచ్చిన్నముగా,,False
2017,అచ్చు,,False
2018,అచ్చు వేసిన ఆంబోతు,,False
2019,అచ్చుకావలి,,False
2020,అచ్చుకుప్ప,,False
2021,అచ్చుటెద్దు,,False
2022,అచ్చుపడు,,False
2023,అచ్చుపాటు,,False
2024,అచ్చుపాలు,,False
2025,అచ్చుబోసిన ఆబోతు,,False
2026,అచ్చులు,,False
2027,అచ్చువేయబడని,,False
2028,అచ్చువోయు,,False
2029,అచ్చెరుపడు,,False
2030,అచ్చెరుపాటు,,False
2031,అచ్చెరువొందు,,False
2032,అచ్చేద్యము,,False
2033,అచ్చోటు,,False
2034,అచ్ఛత,,False
2035,అచ్ఛభల్లము,,False
2036,అచ్ఛము,,False
2037,అచ్ఛా,,False
2038,అచ్ఛిద్రము,,False
2039,అచ్ఛిన్నము,,False
2040,అచ్ఛోద,,False
2041,అచ్ఛోదము,,False
2042,అచ్యుత,,False
2043,అచ్యుతము,,False
2044,అచ్యుతవాసము,,False
2045,అచ్యుతాగ్రజుడు,,False
2046,అచ్యుతాపురం,,False
2047,అచ్యుతాయ నమః,,False
2048,అచ్యుతావాసము,,False
2049,అచ్యుతుని,,False
2050,అచ్యుత్,,False
2051,అఛ్యుత,,False
2052,అజ,,False
2053,అజ మహరాజు,,False
2054,అజం,,False
2055,అజంభము,,False
2056,అజంభుడు,,False
2057,అజక,,False
2058,అజకము,,False
2059,అజకవము,,False
2060,అజకుఁడు,,False
2061,అజగంధిని,,False
2062,అజగజాంతరం,,False
2063,అజగనము,,False
2064,అజగర,,False
2065,అజగర వ్రతము,,False
2066,అజగర సమాధి,,False
2067,అజగరం,,False
2068,అజగరన్యాయము,,False
2069,అజగరవృత్తి న్యాయం,,False
2070,అజగరవ్రతము,,False
2071,అజగరి,,False
2072,అజగరుడు,,False
2073,అజగరోపవాసం,,False
2074,అజగరోపవాసము,,False
2075,అజగర్దము,,False
2076,అజగళన్యాయము,,False
2077,అజగవము,,False
2078,అజగుడు,,False
2079,అజఘన్యుడు,,False
2080,అజడత్వ నిర్దేశ చట్రము,,False
2081,అజతనూజుడు,,False
2082,అజనము,,False
2083,అజన్మము,,False
2084,అజన్యము,,False
2085,అజప,,False
2086,అజపతి,,False
2087,అజపథము,,False
2088,అజపా,,False
2089,అజపుడు,,False
2090,అజమీఢుఁడు,,False
2091,అజము,,False
2092,అజముఖుడు,,False
2093,అజమోద,,False
2094,అజయము,,False
2095,అజయుడు,,False
2096,అజయ్యము,,False
2097,అజర,,False
2098,అజరము,,False
2099,అజరామరము,,False
2100,అజరుడు,,False
2101,అజర్‌బైజాన్,,False
2102,అజవీధి,,False
2103,అజశృంగి,,False
2104,అజస్రము,,False
2105,అజహత్స్వార్థ,,False
2106,అజహత్స్వార్థావృత్తిన్యాయము,,False
2107,అజాండపరీక్షాన్యాయం,,False
2108,అజాండము,,False
2109,అజాకృపాణీయన్యాయం,,False
2110,అజాకృపాణీయన్యాయము,,False
2111,అజాగలస్తనము,,False
2112,అజాగళ స్తనాలు,,False
2113,అజాగళస్తనన్యాయము,,False
2114,అజాగళస్తనము,,False
2115,అజాగ్రత,,False
2116,అజాగ్రతగా,,False
2117,అజాగ్రత్త,,False
2118,అజాగ్రత్తగా,,False
2119,అజాజీవుడు,,False
2120,అజాతపక్షులు,,False
2121,అజాతపుత్రనామోత్కీర్తనన్యాయము,,False
2122,అజాత్,,False
2123,అజానజదేవతలు,,False
2124,అజాని,,False
2125,అజానేయము,,False
2126,అజాపజా,,False
2127,అజాపుత్త్రనామోత్కీర్తనన్యాయము,,False
2128,అజాప్రియము,,False
2129,అజామిళుఁడు,,False
2130,అజామిళ్హుడు,,False
2131,అజాయుద్ధన్యాయము,,False
2132,అజాయుద్ధే ఋషిశ్రాద్ధే ప్రభాతే మేఘడంబరే దమ్పత్యోః కలహేచైవ బహ్వారమ్భో లఘుక్రియా,,False
2133,అజారము,,False
2134,అజావయుక్కు,,False
2135,అజి,,False
2136,అజితము,,False
2137,అజితుడు,,False
2138,అజితేంద్రియుడు,,False
2139,అజిత్,,False
2140,అజినపత్ర,,False
2141,అజినపత్రము,,False
2142,అజినము,,False
2143,అజినమోటో,,False
2144,అజినయోని,,False
2145,అజిరము,,False
2146,అజిహ్మగము,,False
2147,అజిహ్మము,,False
2148,అజిహ్వము,,False
2149,అజీగర్తము,,False
2150,అజీగవము,,False
2151,అజీగావము,,False
2152,అజీర్తి,,False
2153,అజీలుగ,,False
2154,అజీవము,,False
2155,అజుడు,,False
2156,అజువు,,False
2157,అజేయము,,False
2158,అజేయుడు,,False
2159,అజేయుము,,False
2160,అజైకాదశి,,False
2161,అజ్జగించు,,False
2162,అజ్జము,,False
2163,అజ్జరపు,,False
2164,అజ్జలం,,False
2165,అజ్జాడించు,,False
2166,అజ్జాయించు,,False
2167,అజ్జాయింపు,,False
2168,అజ్జుక,,False
2169,అజ్ఝల్‌ న్యాయం,,False
2170,అజ్ఝల్‌న్యాయము,,False
2171,అజ్ఞాత కార్యకర్త,,False
2172,అజ్ఞాతం,,False
2173,అజ్ఞాతకులశీలస్య వాసో దేయో న కస్యచిత్,,False
2174,అజ్ఞాతచర్య,,False
2175,అజ్ఞాతము,,False
2176,అజ్ఞాతవాసం,,False
2177,అజ్ఞాతవాసము,,False
2178,అజ్ఞాన సప్తభూమికలు,,False
2179,అజ్ఞానం,,False
2180,అజ్ఞానము,,False
2181,అజ్ఞానముగా,,False
2182,అజ్ఞానురాలు,,False
2183,అజ్నాస్,,False
2184,అజ్మాయిషీ,,False
2185,అఝ్ఝరె,,False
2186,అట,,False
2187,అటక,,False
2188,అటకడం,,False
2189,అటకలి,,False
2190,అటకాయించు,,False
2191,అటకావు,,False
2192,అటతాళము,,False
2193,అటనము,,False
2194,అటని,,False
2195,అటమట,,False
2196,అటమటకాడు,,False
2197,అటమటమ,,False
2198,అటమటము,,False
2199,అటమటించు,,False
2200,అటమటింపు,,False
2201,అటమటీడు,,False
2202,అటమర,,False
2203,అటమరించు,,False
2204,అటమున్ను,,False
2205,అటరూషము,,False
2206,అటవటిల్లు,,False
2207,అటవి,,False
2208,అటవీశాఖ,,False
2209,అటావల ఎల్లుండి,,False
2210,అటి,,False
2211,అటిక,,False
2212,అటు,,False
2213,అటుండ,,False
2214,అటుఇటు,,False
2215,అటుఇటుగ,,False
2216,అటుఇటుగా,,False
2217,అటుక,,False
2218,అటుగాన,,False
2219,అటుతర్వాత,,False
2220,అటునుండి,,False
2221,అటుపక్క,,False
2222,అటుపూర్వము,,False
2223,అటుప్రక్క,,False
2224,అటుమొన్న,,False
2225,అటుల,,False
2226,అటువంటి,,False
2227,అటువలె,,False
2228,అటె,,False
2229,అట్ట,,False
2230,అట్టకట్టు,,False
2231,అట్టచెట్టు,,False
2232,అట్టడి,,False
2233,అట్టడుగు,,False
2234,అట్టపెట్టె,,False
2235,అట్టము,,False
2236,అట్టలు గట్టుడు,,False
2237,అట్టహానము,,False
2238,అట్టహాసకాడు,,False
2239,అట్టహాసము,,False
2240,అట్టహాసముగా,,False
2241,అట్టహాసి,,False
2242,అట్టాలకము,,False
2243,అట్టి,,False
2244,అట్టిక,,False
2245,అట్టిచూడు,,False
2246,అట్టిట్టు,,False
2247,అట్టిట్టుగా,,False
2248,అట్టిట్టుసేయు,,False
2249,అట్టిది,,False
2250,అట్టీలు,,False
2251,అట్టుడికిపోవు,,False
2252,అట్టుడుకినట్టుంది,,False
2253,అట్టుడుకు,,False
2254,అట్టుపుట్టానవాలు,,False
2255,అట్టుప్పు,,False
2256,అట్టులు,,False
2257,అట్టె,,False
2258,అట్టెడ,,False
2259,అట్ఠంగిక మగ్గ,,False
2260,అట్ల తద్ది,,False
2261,అట్లకాడలు,,False
2262,అట్లతద్ది,,False
2263,అట్లతద్దె,,False
2264,అట్లనె,,False
2265,అట్లనే,,False
2266,అట్లపంక్తి,,False
2267,అట్లాంటిక్ మహాసముద్రం,,False
2268,అట్లాగు,,False
2269,అట్లాగే,,False
2270,అట్లు,,False
2271,అట్లూరి,,False
2272,అట్లూరు,,False
2273,అఠాత్తుగా.,,False
2274,అడ,,False
2275,అడఁది,,False
2276,అడంగా,,False
2277,అడంగు,,False
2278,అడంగులు,,False
2279,అడకట్టు,,False
2280,అడకత్తు,,False
2281,అడకత్తెర,,False
2282,అడకత్తెరలోపడు,,False
2283,అడకము,,False
2284,అడకర,,False
2285,అడకించు,,False
2286,అడకువ,,False
2287,అడకొత్తు,,False
2288,అడగంది,,False
2289,అడగక,,False
2290,అడగక పోయినా,,False
2291,అడగట్టు,,False
2292,అడగడము,,False
2293,అడగరు,,False
2294,అడగారు,,False
2295,అడగిమడగి,,False
2296,అడగు,,False
2297,అడగోలుగొను,,False
2298,అడచిపడు,,False
2299,అడచు,,False
2300,అడజడిపెట్టు,,False
2301,అడదడి,,False
2302,అడదడి చేయు,,False
2303,అడప,,False
2304,అడపకత్తియ,,False
2305,అడపకత్తె,,False
2306,అడపకాడు,,False
2307,అడపట్టె,,False
2308,అడపతడప,,False
2309,అడపదడప,,False
2310,అడపము,,False
2311,అడపా,,False
2312,అడపాదడపా,,False
2313,అడపొడ,,False
2314,అడరించు,,False
2315,అడరు,,False
2316,అడరుదేఱు,,False
2317,అడలడి,,False
2318,అడలు,,False
2319,అడలుకట్టు,,False
2320,అడలుగట్టుట,,False
2321,అడవ,,False
2322,అడవాల,,False
2323,అడవి,,False
2324,అడవి అత్తి,,False
2325,అడవి అరటి,,False
2326,అడవి గన్నేరు,,False
2327,అడవి దున్న,,False
2328,అడవి పసుపు,,False
2329,అడవి పావురములు,,False
2330,అడవికాకర,,False
2331,అడవికుక్క,,False
2332,అడవికొలను,,False
2333,అడవిగాచిన వెన్నెల,,False
2334,అడవిగాచిన వెన్నెలగుట,,False
2335,అడవిగీము,,False
2336,అడవిచిక్కుడు,,False
2337,అడవిచిచ్చు,,False
2338,అడవిజంతువుల నెలవు,,False
2339,అడవితిరుగుడు,,False
2340,అడవిదబ్బ,,False
2341,అడవిదిమ్మరి,,False
2342,అడవినట్టు,,False
2343,అడవినిమ్మ,,False
2344,అడవినెలవరి,,False
2345,అడవినెల్లి,,False
2346,అడవిపల్లె,,False
2347,అడవిపుట్టువు,,False
2348,అడవిప్రత్తి,,False
2349,అడవిబచ్చలి,,False
2350,అడవిబాతు,,False
2351,అడవిమనిషి,,False
2352,అడవిమల్లె,,False
2353,అడవిమామిడి,,False
2354,అడవిముదము,,False
2355,అడవిమునగ,,False
2356,అడవియనిసె,,False
2357,అడవియవిసె,,False
2358,అడవియాముదపుచెట్టు,,False
2359,అడవియుల్లి,,False
2360,అడవులు,,False
2361,అడసాల,,False
2362,అడాపొడ,,False
2363,అడారి,,False
2364,అడాల,,False
2365,అడావడి,,False
2366,అడావుడి,,False
2367,అడి,,False
2368,అడికిరేయి,,False
2369,అడికుడుపు,,False
2370,అడికొల్లగాడు,,False
2371,అడిగము,,False
2372,అడిగఱ్ఱ,,False
2373,అడిగి,,False
2374,అడిగింది,,False
2375,అడిగిందే,,False
2376,అడిగిందే తడవుగా,,False
2377,అడిగికొను,,False
2378,అడిగికోలు,,False
2379,అడిగినా,,False
2380,అడిగినారు,,False
2381,అడిగే,,False
2382,అడిగే హక్కు,,False
2383,అడిగేది,,False
2384,అడిగొంటు,,False
2385,అడిగొంటుతనము,,False
2386,అడిగోపుల,,False
2387,అడిచిపడు,,False
2388,అడిచిపాటు,,False
2389,అడితి,,False
2390,అడితిదారు,,False
2391,అడితిదారుడు,,False
2392,అడిత్రాగుడు,,False
2393,అడిదం,,False
2394,అడిదండలు,,False
2395,అడిబండ,,False
2396,అడిబీరము,,False
2397,అడిమె,,False
2398,అడిమోహము,,False
2399,అడియ,,False
2400,అడియండ,,False
2401,అడియడు,,False
2402,అడియరి,,False
2403,అడియాలము,,False
2404,అడియాలముపట్టు,,False
2405,అడియాస,,False
2406,అడియొత్తులు,,False
2407,అడివారం,,False
2408,అడివితల,,False
2409,అడివివరం,,False
2410,అడివివరపు,,False
2411,అడిసాతా,,False
2412,అడిసిగ్గులు,,False
2413,అడు,,False
2414,అడుకు,,False
2415,అడుకులు,,False
2416,అడుక్కొను,,False
2417,అడుక్కొనేవాడు,,False
2418,అడుగంటిపోవు,,False
2419,అడుగంటు,,False
2420,అడుగడుక్కు,,False
2421,అడుగడుగు దండాలవాడు,,False
2422,అడుగబోవు,,False
2423,అడుగవచ్చినవారు,,False
2424,అడుగిడు,,False
2425,అడుగు బడుగు,,False
2426,అడుగుకొను,,False
2427,అడుగుకోలు,,False
2428,అడుగుజాడ,,False
2429,అడుగుట,,False
2430,అడుగుతాను,,False
2431,అడుగుతుంటారు,,False
2432,అడుగుతున్నాడు,,False
2433,అడుగుదప్పక వర్తించుట,,False
2434,అడుగుదమ్ములు,,False
2435,అడుగుద్రొక్కు,,False
2436,అడుగున,,False
2437,అడుగునబడు,,False
2438,అడుగుపడు,,False
2439,అడుగుపుట్టువు,,False
2440,అడుగుబొడుగు,,False
2441,అడుగుభద్రము,,False
2442,అడుగుమట్టు,,False
2443,అడుగులు,,False
2444,అడుగువేయు,,False
2445,అడుచు,,False
2446,అడుచుకొను,,False
2447,అడుజు,,False
2448,అడుతు,,False
2449,అడుది,,False
2450,అడుపు,,False
2451,అడుమానం,,False
2452,అడువ,,False
2453,అడుసు,,False
2454,అడుసు కట్టెలు,,False
2455,అడుసుపుండు,,False
2456,అడుసుపుట్టువు,,False
2457,అడుసుపుల్లలు,,False
2458,అడుసుమల్లి,,False
2459,అడుసుమిల్లి,,False
2460,అడ్గు,,False
2461,అడ్డ,,False
2462,అడ్డ గోలు,,False
2463,అడ్డం తిరగడం,,False
2464,అడ్డంకి,,False
2465,అడ్డంకిలేని,,False
2466,అడ్డకట్ట,,False
2467,అడ్డకట్టు,,False
2468,అడ్డకత్తి,,False
2469,అడ్డకమ్మి,,False
2470,అడ్డకర్ర,,False
2471,అడ్డకాలు,,False
2472,అడ్డగఱ్ఱ,,False
2473,అడ్డగాలు,,False
2474,అడ్డగించాడు,,False
2475,అడ్డగించాను,,False
2476,అడ్డగించాము,,False
2477,అడ్డగించారు,,False
2478,అడ్డగించావు,,False
2479,అడ్డగించింది,,False
2480,అడ్డగించు,,False
2481,అడ్డగించుట,,False
2482,అడ్డగింత,,False
2483,అడ్డగింపు,,False
2484,అడ్డగుణకారము,,False
2485,అడ్డగోడ,,False
2486,అడ్డగోలు,,False
2487,అడ్డచాకిరీ,,False
2488,అడ్డదారి,,False
2489,అడ్డదిడ్డము,,False
2490,అడ్డదోవ,,False
2491,అడ్డనము,,False
2492,అడ్డపట్టె,,False
2493,అడ్డపడు,,False
2494,అడ్డపాటు,,False
2495,అడ్డపాప,,False
2496,అడ్డపుల్లలు,,False
2497,అడ్డపెట్టు,,False
2498,అడ్డపైన,,False
2499,అడ్డపొగ,,False
2500,అడ్డపోతు,,False
2501,అడ్డబాన,,False
2502,అడ్డబాస,,False
2503,అడ్డబొట్టు,,False
2504,అడ్డమాడు,,False
2505,అడ్డమాను,,False
2506,అడ్డము,,False
2507,అడ్డముగా,,False
2508,అడ్డములాడుట,,False
2509,అడ్డములేని,,False
2510,అడ్డమైనది,,False
2511,అడ్డమైనవాడు,,False
2512,అడ్డమైనోడు,,False
2513,అడ్డమ్రాకు,,False
2514,అడ్డలాగు,,False
2515,అడ్డలి,,False
2516,అడ్డవాట్లు,,False
2517,అడ్డవేడెము,,False
2518,అడ్డసారెలు,,False
2519,అడ్డసాళులు,,False
2520,అడ్డాకులు,,False
2521,అడ్డాదిడ్డి,,False
2522,అడ్డాల,,False
2523,అడ్డి,,False
2524,అడ్డిగలు,,False
2525,అడ్డినేరము,,False
2526,అడ్డివడు,,False
2527,అడ్డు,,False
2528,అడ్డుకొను,,False
2529,అడ్డుగ,,False
2530,అడ్డుగొను,,False
2531,అడ్డుట,,False
2532,అడ్డుతగులు,,False
2533,అడ్డుతెర,,False
2534,అడ్డుపడు,,False
2535,అడ్డుపెట్టు,,False
2536,అడ్డులు,,False
2537,అడ్డులేని,,False
2538,అడ్డూ,,False
2539,అడ్డూరి,,False
2540,అడ్తి,,False
2541,అడ్లూరు,,False
2542,అణఁగారు,,False
2543,అణక,,False
2544,అణకము,,False
2545,అణకలు వేసికొను,,False
2546,అణకుడు,,False
2547,అణకువ,,False
2548,"అణకువ,",,False
2549,అణకువగా,,False
2550,అణగని,,False
2551,అణగారు,,False
2552,అణగు,,False
2553,అణచడము,,False
2554,అణచు,,False
2555,అణపు,,False
2556,అణవరించు,,False
2557,అణవీనవము,,False
2558,అణి,,False
2559,అణిగిన,,False
2560,అణిమ,,False
2561,అణియ,,False
2562,అణిష్ఠము,,False
2563,అణీయము,,False
2564,అణీయస్తరము,,False
2565,అణు యుగం,,False
2566,అణు విద్యుత్,,False
2567,అణుకు,,False
2568,అణుకులాచలన్యాయము,,False
2569,అణుకువ,,False
2570,అణుకువగల,,False
2571,అణుకువగా,,False
2572,అణుకేంద్రం,,False
2573,అణుధూళి,,False
2574,అణుభారము,,False
2575,అణురపి విశేషోఽధ్యవసాయకరః,,False
2576,అణువంత,,False
2577,అణువకులం,,False
2578,అణువణువూ,,False
2579,అణువిద్యుత్‌ కేంద్రం,,False
2580,అణువీక్షణము,,False
2581,అణుశక్తి,,False
2582,అణుసంకేతికము,,False
2583,అణూష్ణత,,False
2584,అణ్డ,,False
2585,అణ్డుక,,False
2586,అణ్వంతర్గతము,,False
2587,అణ్వస్త్రవ్యాప్తి నిరోధక ఒప్పందం,,False
2588,అణ్వాయతనము,,False
2589,అణ్వాయుధం,,False
2590,అతంకము,,False
2591,అతంచనము,,False
2592,అతంత్ర,,False
2593,అతంత్రము,,False
2594,అతకరించు,,False
2595,అతకర్ణము,,False
2596,అతకుడు,,False
2597,అతగాడు,,False
2598,అతగాడు-ఇతగాడు,,False
2599,అతగుడు,,False
2600,అతతము,,False
2601,అతతాయి,,False
2602,అతద్గుణము,,False
2603,అతద్వ్యా వృత్తిరూప సమాధి,,False
2604,అతనము,,False
2605,అతనికి,,False
2606,అతనుడు,,False
2607,అతపత్రము,,False
2608,అతపము,,False
2609,అతపస్నానము,,False
2610,అతపాభావము,,False
2611,అతర్కణము,,False
2612,అతర్కము,,False
2613,అతర్థి,,False
2614,అతల,,False
2615,అతలకుతలం,,False
2616,అతలకుతలమగు,,False
2617,అతలకుతలము,,False
2618,అతలకుతలముగా,,False
2619,అతలస్పర్శము,,False
2620,అతలాకుతలం,,False
2621,అతలాకుతలము,,False
2622,అతసము,,False
2623,అతసి,,False
2624,అతి,,False
2625,అతి కృచ్ఛ్రం,,False
2626,అతి తెలివి,,False
2627,అతి పరిచయమున అవజ్ఞ,,False
2628,అతి మూత్రం,,False
2629,అతి వాసం,,False
2630,అతి వినయం,,False
2631,అతి శూన్యం,,False
2632,అతి-గతి,,False
2633,అతికించబడ్డ,,False
2634,అతికించాడు,,False
2635,అతికించాను,,False
2636,అతికించాము,,False
2637,అతికించారు,,False
2638,అతికించావు,,False
2639,అతికించింది,,False
2640,అతికించుట,,False
2641,అతికృచ్ఛ్రము,,False
2642,అతికృతము,,False
2643,అతిక్రమణము,,False
2644,అతిక్రమము,,False
2645,అతిక్రమముచేసుట,,False
2646,అతిక్రమించాడు,,False
2647,అతిక్రమించాను,,False
2648,అతిక్రమించాము,,False
2649,అతిక్రమించారు,,False
2650,అతిక్రమించావు,,False
2651,అతిక్రమించింది,,False
2652,అతిక్రమించుట,,False
2653,అతిక్రమించేవాడు,,False
2654,అతిక్రమ్యము,,False
2655,అతిక్రాంతము,,False
2656,అతిక్రూరడు,,False
2657,అతిక్రూరము,,False
2658,అతిగవుడు,,False
2659,అతిగహనము,,False
2660,అతిగురువు,,False
2661,అతిగృహకము,,False
2662,అతిగ్రహము,,False
2663,అతిఘ్నీ,,False
2664,అతిచమువు,,False
2665,అతిచారము,,False
2666,అతిచ్ఛందము,,False
2667,అతిచ్ఛత్ర,,False
2668,అతిజవము,,False
2669,అతితారము,,False
2670,అతితిమింగలము,,False
2671,అతితృష్ణ,,False
2672,అతితృష్ణా,,False
2673,అతితృష్ణుడు,,False
2674,అతితెలివిపోవు,,False
2675,అతిత్వరగా,,False
2676,అతిథి గృహము,,False
2677,అతిథిక్రియ,,False
2678,అతిథిధర్మము,,False
2679,అతిథిసత్కారము,,False
2680,అతిథేయము,,False
2681,అతిదశము,,False
2682,అతిదానము,,False
2683,అతిదాహము,,False
2684,అతిదుష్ట,,False
2685,అతిదుష్టము,,False
2686,అతిదేశన్యాయము,,False
2687,అతిదేశము,,False
2688,అతిద్వయము,,False
2689,అతిధన్వుడు,,False
2690,అతిధర్మము,,False
2691,అతిధి,,False
2692,అతిధిపూజ,,False
2693,అతిధృతి,,False
2694,అతిధేనువు,,False
2695,అతిధేయము,,False
2696,అతిధ్వనులు,,False
2697,అతినీచముగా,,False
2698,అతిపత్తి,,False
2699,అతిపరిచయన్యాయము,,False
2700,అతిపరిచయము,,False
2701,అతిపరుడు,,False
2702,అతిపరోక్షము,,False
2703,అతిపాతము,,False
2704,అతిపాతితము,,False
2705,అతిపాపిష్టితనముగా,,False
2706,అతిప్రబంధము,,False
2707,అతిప్రసంగము,,False
2708,అతిబల,,False
2709,అతిబీజము,,False
2710,అతిబ్రహ్మచర్యము,,False
2711,అతిభరము,,False
2712,అతిభారగము,,False
2713,అతిభారము,,False
2714,అతిభూమి,,False
2715,అతిభోజనము,,False
2716,అతిమంగల్యము,,False
2717,అతిమతి,,False
2718,అతిమధురం,,False
2719,అతిమాత్ర,,False
2720,అతిమాత్రము,,False
2721,అతిమానము,,False
2722,అతిమాయుడు,,False
2723,అతిమారుతము,,False
2724,అతిమితము,,False
2725,అతిముక్తుడు,,False
2726,అతిముఖ్యుడు,,False
2727,అతిమూత్రవ్వాధి,,False
2728,అతిమోదము,,False
2729,అతిమోహము,,False
2730,అతియశస్కుఁడు,,False
2731,అతియాతము,,False
2732,అతియుక్తము,,False
2733,అతియోగము,,False
2734,అతిరంహసము,,False
2735,అతిరక్తుడు,,False
2736,అతిరథుడు,,False
2737,అతిరధుడు,,False
2738,అతిరసము,,False
2739,అతిరాత్రిః,,False
2740,అతిరిక్తము,,False
2741,అతిరేకము,,False
2742,అతివర్ణాశ్రమి,,False
2743,అతివర్తన,,False
2744,అతివర్తి,,False
2745,అతివర్తులము,,False
2746,అతివర్ధనము,,False
2747,అతివలు,,False
2748,అతివస,,False
2749,అతివాదము,,False
2750,అతివావాది,,False
2751,అతివాసము,,False
2752,అతివాహనము,,False
2753,అతివికటము,,False
2754,అతివినయో ధూర్తలక్షణమ్‌,,False
2755,అతివృద్ధము,,False
2756,అతివృద్ధి,,False
2757,అతివేదన,,False
2758,అతివేదనము,,False
2759,అతివేలము,,False
2760,అతివ్యాప్తి,,False
2761,అతిశయం,,False
2762,అతిశయపడు,,False
2763,అతిశయము,,False
2764,అతిశయముగా,,False
2765,అతిశయి,,False
2766,అతిశయించు,,False
2767,అతిశయిల్లుచునుండు,,False
2768,అతిశయోక్త్యలంకారము,,False
2769,అతిశీతలమైన,,False
2770,అతిసంచయము,,False
2771,అతిసంధానము,,False
2772,అతిసంధ్య,,False
2773,అతిసర్గము,,False
2774,అతిసర్జనము,,False
2775,అతిసారవ్యాధి,,False
2776,అతిసారవ్వాధి,,False
2777,అతిసూక్ష్మగలనము,,False
2778,అతిస్పర్శుడు,,False
2779,అతీంద్రియ,,False
2780,అతీంద్రియము,,False
2781,అతీతకాలము,,False
2782,అతీతమహిషీస్నేహన్యాయము,,False
2783,అతీతము,,False
2784,అతీతమైన,,False
2785,అతీతుడు,,False
2786,అతీన,,False
2787,అతీర్థము,,False
2788,అతీవకృషి,,False
2789,అతుకు,,False
2790,అతుకుట,,False
2791,అతుకుబడి,,False
2792,అతుకుబాటు,,False
2793,అతుకుల బ్రతుకు,,False
2794,అతుకులబొంత,,False
2795,అతుకులబ్రతుకు,,False
2796,అతుకులు,,False
2797,అతుకువేయు,,False
2798,అతులము,,False
2799,అతులమైన,,False
2800,అతులితము,,False
2801,అతులితుడు,,False
2802,అతుల్యలంబము,,False
2803,అతుష్టి,,False
2804,అతృప్తి,,False
2805,అతృప్తుడు,,False
2806,అతేజము,,False
2807,అత్తం,,False
2808,అత్తగంతు,,False
2809,అత్తగర్వము,,False
2810,అత్తగారు,,False
2811,అత్తనూరి,,False
2812,అత్తపుత్త,,False
2813,అత్తమామలు,,False
2814,అత్తమిల్లు,,False
2815,అత్తము,,False
2816,అత్తయ్య,,False
2817,అత్తరము,,False
2818,అత్తరు,,False
2819,అత్తఱి,,False
2820,అత్తలము,,False
2821,అత్తలు,,False
2822,అత్తలూరి,,False
2823,అత్తళము,,False
2824,అత్తవారిల్లు,,False
2825,అత్తి పిత్తి మాటలు,,False
2826,అత్తిక,,False
2827,అత్తిచెట్టు,,False
2828,అత్తిపండ్లు,,False
2829,అత్తిరాల,,False
2830,అత్తిలి,,False
2831,అత్తిల్లు,,False
2832,అత్తిసరు,,False
2833,అత్తు,,False
2834,అత్తెము,,False
2835,అత్మీయత,,False
2836,అత్యం,,False
2837,అత్యంత,,False
2838,అత్యంత తిరస్కృతవాచ్యములు,,False
2839,అత్యంతనివృత్తి,,False
2840,అత్యంతము,,False
2841,అత్యంతాతిశయోక్తి,,False
2842,అత్యంతాభావము,,False
2843,అత్యంతికము,,False
2844,అత్యంతీనము,,False
2845,అత్యంతోన్నత,,False
2846,అత్యగ్నిష్టోమ,,False
2847,అత్యతరము,,False
2848,అత్యద్భుతము,,False
2849,అత్యధికంగా,,False
2850,అత్యధికము,,False
2851,అత్యన్తపరాజయా ద్వరం సంశయోఽపి,,False
2852,అత్యన్తబలవన్తోఽపి పౌరజానపదా జనాః దుర్బలై రపి బాధ్యన్తే పురుషైః పార్థివాశ్రితైః,,False
2853,అత్యమ్ల,,False
2854,అత్యమ్లపర్ణి,,False
2855,అత్యయము,,False
2856,అత్యరాళము,,False
2857,అత్యల్పమైన,,False
2858,అత్యవసర సమావేశం,,False
2859,అత్యవసరము,,False
2860,అత్యవసరమైన,,False
2861,అత్యాకారము,,False
2862,అత్యాచారం,,False
2863,అత్యాచారము,,False
2864,అత్యాచారుడు,,False
2865,అత్యాతురము,,False
2866,అత్యాదరము,,False
2867,అత్యాదిత్య,,False
2868,అత్యాయము,,False
2869,అత్యారక్త,,False
2870,అత్యారూడి :,,False
2871,అత్యారూఢము,,False
2872,అత్యావశ్యకము,,False
2873,అత్యావశ్యకముగా,,False
2874,అత్యావశ్యము,,False
2875,అత్యాశ,,False
2876,అత్యాశగా,,False
2877,అత్యాస,,False
2878,అత్యాహితము,,False
2879,అత్యుక్తి,,False
2880,అత్యుచ్ఛ్రాయః పతనహేతుః,,False
2881,అత్యుత్కటము,,False
2882,అత్యుత్కటైః పుణ్యపాపై రిహైవ ఫలముచ్యతే,,False
2883,అత్యుత్కృష్టము,,False
2884,అత్యుత్సాహం,,False
2885,అత్యున్నతం,,False
2886,అత్రి,,False
2887,అత్రినేత్రభువు,,False
2888,అత్రినేత్రుడు,,False
2889,అథ సన్నిహితాదపి వ్యవహితం సాకాంక్షం బలవత్,,False
2890,అథర్వణ మహర్షి,,False
2891,అథర్వణవేదము,,False
2892,అథర్వణవేదోపనిషత్తులు,,False
2893,అథర్వాంగిరస్‌,,False
2894,అథర్వాకృతి,,False
2895,అథర్వుడు,,False
2896,అదంతము,,False
2897,అదంతే,,False
2898,అదంత్రము,,False
2899,అదంత్రుడు,,False
2900,అదక,,False
2901,అదక్షిణము,,False
2902,అదగ్ధదహనన్యాయము,,False
2903,అదటు,,False
2904,అదత్తము,,False
2905,అదనపు,,False
2906,అదనపు బలగం,,False
2907,అదనము,,False
2908,అదను,,False
2909,అదను పదను,,False
2910,అదభ్రము,,False
2911,అదమడము,,False
2912,అదము,,False
2913,అదయుడు,,False
2914,అదరడము,,False
2915,అదరబదర,,False
2916,అదరబదరచేయు,,False
2917,అదరిపడు,,False
2918,అదరిపాటు,,False
2919,అదరు,,False
2920,అదరు బెదరు,,False
2921,అదరుగడ,,False
2922,అదరుమ్రాకు,,False
2923,అదర్భ సౌహార్దం,,False
2924,అదలడి,,False
2925,అదలము,,False
2926,అదలు,,False
2927,అదలుపు,,False
2928,అదవ,,False
2929,అదవద,,False
2930,అదవదపడు,,False
2931,అదవదలవు,,False
2932,అదవదలు,,False
2933,అదవయిల్లు,,False
2934,అదవినట్టు,,False
2935,అదసము,,False
2936,అదసీయము,,False
2937,అదాటు,,False
2938,అదాత్తుగా,,False
2939,అది,,False
2940,అదిగదను,,False
2941,అదిగదీయను,,False
2942,అదిగాక,,False
2943,అదిగో,,False
2944,అదితి,,False
2945,అదితినందనుడు,,False
2946,అదిత్,,False
2947,అదిత్సోర్వణిజః ప్రతిదినం పత్రలిఖిత శ్వస్తనదినభణనన్యాయము,,False
2948,అదిర,,False
2949,అదిరిపడు,,False
2950,అదిరిపాటు,,False
2951,అదిరోహణము,,False
2952,అదిలించు,,False
2953,అదిలిచ్చుడు,,False
2954,అదిశము,,False
2955,అదిశరాశి,,False
2956,అదు,,False
2957,అదుఃఖ నవమి,,False
2958,అదుకు,,False
2959,అదుగో,,False
2960,అదును,,False
2961,అదుము,,False
2962,అదుముడు,,False
2963,అదురు,,False
2964,అదురు వేటు,,False
2965,అదురుగా,,False
2966,అదురుగుండియ,,False
2967,అదురుబెదురు,,False
2968,అదురులు,,False
2969,అదులాయించు,,False
2970,అదువ,,False
2971,అదూరము,,False
2972,అదూరమున,,False
2973,అదూషితము,,False
2974,అదృక్కు,,False
2975,అదృశ్యంతి,,False
2976,అదృశ్యకరణము,,False
2977,అదృశ్యత,,False
2978,అదృశ్యమగు,,False
2979,అదృశ్యము,,False
2980,అదృశ్యమైన,,False
2981,అదృశ్యమైపోవుట,,False
2982,అదృశ్యుడు,,False
2983,అదృష్టంగా,,False
2984,అదృష్టకర్ముడు,,False
2985,అదృష్టఫలము,,False
2986,అదృష్టవంతుడు,,False
2987,అదృష్టహీనుడు,,False
2988,అదృష్టి,,False
2989,అదె,,False
2990,అదే,,False
2991,అదేం,,False
2992,అదేం ఖర్మ,,False
2993,అదేంటంటే,,False
2994,అదేంటండి,,False
2995,అదేంటి,,False
2996,అదేంటో,,False
2997,అదేనా,,False
2998,అదేమిటండీ,,False
2999,అదేమో,,False
3000,అదేమోకాని,,False
3001,అదేయము,,False
3002,అదేవమాతృకము,,False
3003,అదేవుడు,,False
3004,అదేశం,,False
3005,అదోకపాటు,,False
3006,అద్ద,,False
3007,అద్దం,,False
3008,అద్దకం,,False
3009,అద్దకము,,False
3010,అద్దగోడ,,False
3011,అద్దపునీడ,,False
3012,అద్దమరాతిరి,,False
3013,అద్దమరాత్రి,,False
3014,అద్దమరేయి,,False
3015,అద్దము,,False
3016,అద్దముచూపు,,False
3017,అద్దములు,,False
3018,అద్దములోని నీడకు ఆసవడు :,,False
3019,అద్దరి,,False
3020,అద్దలం,,False
3021,అద్దలవాడ,,False
3022,అద్దలవాడు,,False
3023,అద్దవాడ,,False
3024,అద్దానం,,False
3025,అద్దాల తలుపు,,False
3026,అద్దాలమేడ,,False
3027,అద్దాలు,,False
3028,అద్ది,,False
3029,అద్దించు,,False
3030,అద్దికము,,False
3031,అద్దిరపాటున,,False
3032,అద్దిరా,,False
3033,అద్దిల్లు,,False
3034,అద్దు,,False
3035,అద్దులము,,False
3036,అద్దె,,False
3037,అద్దెఇల్లు,,False
3038,అద్దెకున్నవారు,,False
3039,అద్దెకొంప,,False
3040,అద్దెకొనుగోలుపద్ధతి,,False
3041,అద్దెబండి,,False
3042,అద్దోనం,,False
3043,అద్ధంతరంగా,,False
3044,అద్ధా,,False
3045,అద్ధాన్నము,,False
3046,అద్బుతం,,False
3047,అద్భుతము,,False
3048,అద్భుతముగా,,False
3049,అద్మానము,,False
3050,అద్యతనము,,False
3051,అద్యశ్వీన,,False
3052,అద్యాపి,,False
3053,అద్యాయము,,False
3054,అద్రిక,,False
3055,అద్రికన్య,,False
3056,అద్రికీల,,False
3057,అద్రిజ,,False
3058,అద్రిభిధుడు,,False
3059,అద్రిభువు,,False
3060,అద్వంద్వ,,False
3061,అద్వంద్వుడు,,False
3062,అద్వయ కారణం,,False
3063,అద్వయం,,False
3064,అద్వయము,,False
3065,అద్వయవాది,,False
3066,అద్వయానందం,,False
3067,అద్వయానందము,,False
3068,అద్వయితత్రయము,,False
3069,అద్వయుడు,,False
3070,అద్వశ్వీనము,,False
3071,అద్వానము,,False
3072,అద్వానుడు,,False
3073,అద్వితీయ,,False
3074,అద్వితీయకము,,False
3075,అద్వితీయము,,False
3076,అద్వియ్,,False
3077,అద్వేషణం,,False
3078,అద్వైతానందుఁడు,,False
3079,అద్వైతి,,False
3080,అధ:కరణము,,False
3081,అధ:కారము,,False
3082,అధ:కారి,,False
3083,అధఃకరణము,,False
3084,అధఃపాతము,,False
3085,అధఃపాతి,,False
3086,అధఃస్తరము :,,False
3087,అధమ కుంభకం,,False
3088,అధమము,,False
3089,అధమమైన,,False
3090,అధమాధమము,,False
3091,అధమాధముడు,,False
3092,అధముడు,,False
3093,అధములు,,False
3094,అధరకంటకము,,False
3095,"అధరపానము,",,False
3096,అధరము,,False
3097,అధరములు,,False
3098,అధరశీధువు,,False
3099,అధరామృతము,,False
3100,అధరాలు,,False
3101,అధరీణము,,False
3102,అధరీణుడు,,False
3103,అధరుడు,,False
3104,అధర్మం,,False
3105,అధర్మమైన,,False
3106,అధర్వణము,,False
3107,అధర్వణవేదము,,False
3108,అధర్వణాచార్యులు,,False
3109,అధర్వణుడు,,False
3110,అధర్వవేదము,,False
3111,అధర్వుడు,,False
3112,అధవ,,False
3113,అధవా,,False
3114,అధశ్చరుడు,,False
3115,అధశ్చర్మము,,False
3116,అధశ్శిరస్సు,,False
3117,అధస్థలము,,False
3118,అధస్స్వస్తికము,,False
3119,అధార్మికుడు,,False
3120,అధి,,False
3121,అధి దేవతలు,,False
3122,అధి పురుషుడు,,False
3123,అధిక,,False
3124,అధిక రక్తపోటు,,False
3125,అధిక వడ్డీ,,False
3126,అధికం,,False
3127,అధికంగా,,False
3128,అధికంచేయు,,False
3129,అధికపక్షము,,False
3130,అధికప్రసంగము,,False
3131,అధికప్రసంగముగా,,False
3132,అధికప్రసంగి,,False
3133,అధికమగు,,False
3134,అధికమాసము,,False
3135,అధికమించు,,False
3136,అధికము,,False
3137,అధికముగా,,False
3138,అధికమై,,False
3139,అధికమైన,,False
3140,అధికరణ కారకము,,False
3141,అధికరణం,,False
3142,అధికరణము,,False
3143,అధికరణసమయము,,False
3144,అధికరణసిద్ధాంతన్యాయం,,False
3145,అధికరణసిద్ధాన్తన్యాయము,,False
3146,అధికరణికుడు,,False
3147,అధికర్మకృత,,False
3148,అధికవడ్డి,,False
3149,అధికవృద్ధిన్యాయము,,False
3150,అధికసంఖ్య,,False
3151,అధికస్యాధికం ఫలమ్‌,,False
3152,అధికాచమానము,,False
3153,అధికార పత్ర సహిత ధన లేఖలు,,False
3154,అధికార వికేంద్రీకరణము,,False
3155,అధికారం,,False
3156,అధికారన్యాయము,,False
3157,అధికారపక్షము,,False
3158,అధికారముగల,,False
3159,అధికారి,,False
3160,అధికారిక నివాసం,,False
3161,అధికారిణి,,False
3162,అధికారులు,,False
3163,అధికార్థ వచనం,,False
3164,అధికాశ,,False
3165,అధికుడు,,False
3166,అధికృతుడు,,False
3167,అధిక్షిప్తము,,False
3168,అధిక్షేపము,,False
3169,అధిగతము,,False
3170,అధిగమించు,,False
3171,అధిగవము,,False
3172,అధిగ్రనని,,False
3173,అధిచర్మము,,False
3174,అధిచ్ఛత్రము,,False
3175,అధిజిహ్వ,,False
3176,అధిజిహ్వము,,False
3177,అధిజ్యము,,False
3178,అధిత్యక,,False
3179,అధిదంతము,,False
3180,అధిదేవత,,False
3181,అధిదేశప్రదేశములు,,False
3182,అధిదేశరాజ్యము,,False
3183,అధిదైవికము,,False
3184,అధినాతనము,,False
3185,అధినివేశ ప్రతిపత్తి,,False
3186,అధినివేశ స్వాతంత్ర్యము,,False
3187,అధినేత,,False
3188,అధిన్,,False
3189,అధిపతులు,,False
3190,అధిపికము,,False
3191,అధిప్రజుడు,,False
3192,అధిభూతము,,False
3193,అధిమాంసకము,,False
3194,అధిమాసము,,False
3195,అధిముక్తి,,False
3196,అధిమూర్తము,,False
3197,అధిమూలము,,False
3198,అధిరరించు,,False
3199,అధిరూఢము,,False
3200,అధిరోహణ,,False
3201,అధిరోహించు,,False
3202,అధిరోహిణి,,False
3203,అధివాసనము,,False
3204,అధివాసము,,False
3205,అధివాసరము,,False
3206,అధివాస్తవికత,,False
3207,అధివిన్న,,False
3208,అధివుడు,,False
3209,అధివృక్క గ్రంధి,,False
3210,అధివేదనము,,False
3211,అధిశ్రయణము,,False
3212,అధిశ్రయణి,,False
3213,అధిశ్రయము,,False
3214,అధిశ్రయిణి,,False
3215,అధిష్టానవర్గము,,False
3216,అధిష్ఠాత,,False
3217,అధిష్ఠానము,,False
3218,అధిసత్తాకము,,False
3219,అధిస్పురితము,,False
3220,అధిస్ఫురితము,,False
3221,అధీతము,,False
3222,అధీతి,,False
3223,అధీతుడు,,False
3224,అధీనము,,False
3225,అధీర,,False
3226,అధీరుడు,,False
3227,అధీశుడు,,False
3228,అధీశ్వర,,False
3229,అధీశ్వరుడు,,False
3230,అధీష్,,False
3231,అధునాతన,,False
3232,అధునాతనము,,False
3233,అధూతము,,False
3234,అధృతి,,False
3235,అధృష్టుడు,,False
3236,అధేనువు,,False
3237,అధైర్యపడు,,False
3238,అధో,,False
3239,అధోక్షజుడు,,False
3240,అధోగతము,,False
3241,అధోగతి,,False
3242,అధోగ్రీవనము,,False
3243,అధోజల విమోచనము,,False
3244,అధోజలవిమోచనము,,False
3245,అధోజిహ్వనాడి,,False
3246,అధోజిహ్విక,,False
3247,అధోజ్ఞాపిక,,False
3248,అధోబీజదళము,,False
3249,అధోబృహత్సిర,,False
3250,అధోభాగము,,False
3251,అధోభువనము,,False
3252,అధోముఖము,,False
3253,అధోముఖముగా,,False
3254,అధోముఖుడు,,False
3255,అధోయంత్రము,,False
3256,అధోరణుడు,,False
3257,అధోరేచకము,,False
3258,అధోలంబము,,False
3259,అధోలోకము,,False
3260,అధోవృంతము,,False
3261,అధోస్థిరస్థానం,,False
3262,అధోహనువు,,False
3263,అధ్యక్ష ప్రజా ప్రభుత్వము,,False
3264,అధ్యక్ష ప్రజాప్రభుత్వము,,False
3265,అధ్యక్షత,,False
3266,అధ్యక్షుడు,,False
3267,అధ్యక్షురాలు,,False
3268,అధ్యక్షురాలుగా,,False
3269,అధ్యక్షులు,,False
3270,అధ్యక్షులుగా,,False
3271,అధ్యక్షోపన్యాసం,,False
3272,అధ్యపతి,,False
3273,అధ్యయనం,,False
3274,అధ్యయనము,,False
3275,అధ్యయనించు,,False
3276,అధ్యర్బుదము,,False
3277,అధ్యవసానము,,False
3278,అధ్యవసాయ,,False
3279,అధ్యవసాయము,,False
3280,అధ్యవసాయి,,False
3281,అధ్యవహననము,,False
3282,అధ్యాత్మ,,False
3283,అధ్యాత్మ జ్ఞానం,,False
3284,అధ్యాత్మ దృక్కు,,False
3285,అధ్యాత్మ ప్రసాదం,,False
3286,అధ్యాత్మ యోగం,,False
3287,అధ్యాత్మ రామాయణం,,False
3288,అధ్యాత్మ విద్య,,False
3289,అధ్యాత్మదృశుడు,,False
3290,అధ్యాత్మము,,False
3291,అధ్యాత్మయోగము,,False
3292,అధ్యాత్మలు,,False
3293,అధ్యాత్మవిదుడు,,False
3294,అధ్యాత్మవిద్య,,False
3295,అధ్యాత్మికము,,False
3296,అధ్యాపకుడు,,False
3297,అధ్యాపకురాలు,,False
3298,అధ్యాపకులు,,False
3299,అధ్యాపనం,,False
3300,అధ్యాపనము,,False
3301,అధ్యాయనము,,False
3302,అధ్యాయము,,False
3303,అధ్యాయములు,,False
3304,అధ్యాయాలు,,False
3305,అధ్యారూఢము,,False
3306,అధ్యావనము,,False
3307,అధ్యావహనికము,,False
3308,అధ్యావృద్ధీ,,False
3309,అధ్యాహరణము,,False
3310,అధ్యాహారము,,False
3311,అధ్యుషితము,,False
3312,అధ్యుష్టము,,False
3313,అధ్యూధ్ని,,False
3314,అధ్రద్ధచేయబడ్డ,,False
3315,అధ్రువము,,False
3316,అధ్వ,,False
3317,అధ్వగ,,False
3318,అధ్వగము,,False
3319,అధ్వగుడు,,False
3320,అధ్వనీనము,,False
3321,అధ్వనీనుడు,,False
3322,అధ్వపతి,,False
3323,అధ్వము,,False
3324,అధ్వరము,,False
3325,అధ్వరుడు,,False
3326,అధ్వర్యుడు,,False
3327,అధ్వానమగు,,False
3328,అధ్వానము,,False
3329,అధ్వానము చేయు,,False
3330,అధ్వానముచేయు,,False
3331,అధ్వాన్నము,,False
3332,అన,,False
3333,అనంగ త్రయోదశి,,False
3334,అనంగక్రీడ,,False
3335,అనంగము,,False
3336,అనంగలేఖ,,False
3337,అనంగశత్రువు,,False
3338,అనంగీకారము,,False
3339,అనంజనము,,False
3340,అనంటి,,False
3341,అనంత,,False
3342,అనంత :,,False
3343,అనంత చతుర్దశి,,False
3344,అనంత చతుష్టయము,,False
3345,అనంత విజయము,,False
3346,అనంత శయనం,,False
3347,అనంతగిరి,,False
3348,అనంతతృతీయవ్రతము,,False
3349,అనంతనేని,,False
3350,అనంతపట్నాయకుని,,False
3351,అనంతము.,,False
3352,అనంతమైన,,False
3353,అనంతరము,,False
3354,అనంతరము.,,False
3355,అనంతరస్య విధిర్వా భవతి ప్రతిషేధోవా,,False
3356,అనంతరాజు,,False
3357,అనంతరామయ్య,,False
3358,అనంతరీయు,,False
3359,అనంతరూపుడు,,False
3360,అనంతర్యము,,False
3361,అనంతర్యార్థకము,,False
3362,అనంతవాహిని,,False
3363,అనంతవిజయము,,False
3364,అనంతశక్తి,,False
3365,అనంతశనము,,False
3366,అనంతశయనుడు,,False
3367,అనంతాత్మకుల,,False
3368,అనంతాత్ముల,,False
3369,అనంతానుబంధ కషాయ,,False
3370,అనంతుడు,,False
3371,అనంతోజు,,False
3372,అనంత్,,False
3373,అనంశము,,False
3374,అనక,,False
3375,అనకట్ట,,False
3376,అనకదుందుభి,,False
3377,అనకము,,False
3378,అనకాపల్లి,,False
3379,అనకొన,,False
3380,అనక్షము,,False
3381,అనక్షర,,False
3382,అనక్షరము,,False
3383,అనగననగ,,False
3384,అనగా,,False
3385,అనగాని,,False
3386,అనగిపెనగియుండు,,False
3387,అనగిపెనగు,,False
3388,అనగు,,False
3389,అనగుణము,,False
3390,అనగ్నిదగ్ధము,,False
3391,అనగ్నిదగ్ధులు,,False
3392,అనగ్రహణము,,False
3393,అనగ్రహము,,False
3394,అనఘభీమద్వాదశి,,False
3395,అనఘము,,False
3396,అనఘళము,,False
3397,అనఘాతము,,False
3398,అనఘుడు,,False
3399,అనఘోషణము,,False
3400,అనచండ్ర,,False
3401,అనచండ్ర చెట్టు,,False
3402,అనచనీయము,,False
3403,అనడంతో,,False
3404,అనడుజ్జిహ్వ,,False
3405,అనడుహి,,False
3406,అనడ్వాహము,,False
3407,అనతము,,False
3408,అనతర్యుడు,,False
3409,అనతి,,False
3410,అనత్త,,False
3411,అనద,,False
3412,అనదతనము,,False
3413,అనద్థము,,False
3414,అనధికారము,,False
3415,అనధీతే మహాభాష్యే వ్యర్థా స్యా త్పదమంజరీ అధీతేఽపి మహాభాష్యే వ్యర్థా స్యాత్పదమంజరీ,,False
3416,అనధ్యయనము,,False
3417,అననము,,False
3418,అననుకూలము,,False
3419,అనన్,,False
3420,అనన్తదేవుడు,,False
3421,అనన్య దృష్టి,,False
3422,అనన్యగతికుడు,,False
3423,అనన్యచిత్తుడు,,False
3424,అనన్యజుడు,,False
3425,అనన్యపరత,,False
3426,అనన్యమైన,,False
3427,అనన్యయము,,False
3428,అనన్యలభ్యః శబ్దార్థః,,False
3429,అనన్యలభ్యః శాస్త్రార్థః,,False
3430,అనన్యసద్మసము,,False
3431,అనన్యసామాన్యము,,False
3432,అనన్వజుడు,,False
3433,అనన్వయము,,False
3434,అనప,,False
3435,అనపకరణము,,False
3436,అనపకాయ,,False
3437,అనపకాయను,,False
3438,అనపకారి,,False
3439,అనపక్రియ,,False
3440,అనపత్యత,,False
3441,అనపత్యుడు,,False
3442,అనపదము,,False
3443,అనపద్యము,,False
3444,అనపరాధి,,False
3445,అనపరు,,False
3446,అనపాత్యుడు,,False
3447,అనపాయము,,False
3448,అనభిజ్ఞుడు,,False
3449,అనభిలాషము,,False
3450,అనభ్రవృష్టి,,False
3451,అనమకము,,False
3452,అనమస్తరు,,False
3453,అనము,,False
3454,అనమొస్తరు,,False
3455,అనయ,,False
3456,అనయము,,False
3457,అనరు,,False
3458,అనరులు,,False
3459,అనర్గళము,,False
3460,అనర్గళమైన,,False
3461,అనర్ఘము,,False
3462,అనర్ఘ్యము,,False
3463,అనర్తము,,False
3464,అనర్థకము,,False
3465,అనర్థపడు,,False
3466,అనర్థము,,False
3467,అనర్థముచేయు,,False
3468,అనర్ధము,,False
3469,అనర్హత,,False
3470,అనర్హతలు,,False
3471,అనర్హము,,False
3472,అనర్హముగా,,False
3473,అనర్హమైన,,False
3474,అనర్హుడు,,False
3475,అనర్హులు,,False
3476,అనల,,False
3477,అనలము,,False
3478,అనలశిఖ,,False
3479,అనలసదము,,False
3480,అనలుడు,,False
3481,అనలురు,,False
3482,అనల్పము,,False
3483,అనవటిల్లు,,False
3484,అనవద్యమైన,,False
3485,అనవధి,,False
3486,అనవయవే శాస్త్రార్థసంప్రత్యయః,,False
3487,అనవరతం,,False
3488,అనవరతము,,False
3489,అనవరతమున్ను,,False
3490,అనవలంబనము,,False
3491,అనవసరము,,False
3492,అనవస్థ,,False
3493,అనవస్థా దోషం,,False
3494,అనవస్థానము,,False
3495,అనవుడు,,False
3496,అనవేక్షణము,,False
3497,అనశనము,,False
3498,అనశ్వరము,,False
3499,అనసాపురపు,,False
3500,అనసూయ,,False
3501,అనసూయుడు,,False
3502,అనసూయువు,,False
3503,అనా,,False
3504,అనాకారము,,False
3505,అనాకారి,,False
3506,అనాగత విధాత,,False
3507,అనాగతము,,False
3508,"అనాగతవిధాత,",,False
3509,అనాగతా వేక్షణం,,False
3510,అనాగమము,,False
3511,అనాగరకత,,False
3512,అనాగరకుడు,,False
3513,అనాగరికం,,False
3514,అనాగరికము,,False
3515,అనాగసము,,False
3516,అనాగామి,,False
3517,అనాఘ్రాతము,,False
3518,అనాచారము,,False
3519,అనాచార్యుడు,,False
3520,అనాచ్ఛాదనము,,False
3521,అనాడి,,False
3522,అనాడీచేయడం,,False
3523,అనాతప,,False
3524,అనాతపము,,False
3525,అనాతురము,,False
3526,అనాత్మ,,False
3527,అనాత్మపరాగణత,,False
3528,అనాత్మము,,False
3529,అనాత్మవంతుడు,,False
3530,అనాథప్రేతసంస్కారాత్‌ కోటియజ్ఞఫలం లభేత్‌,,False
3531,అనాథాశ్రమం,,False
3532,అనాదరణము,,False
3533,అనాదరము,,False
3534,అనాది,,False
3535,అనాదిగా,,False
3536,అనాదినిధనుడు,,False
3537,అనాదియైన,,False
3538,అనాదృతము,,False
3539,అనాధ,,False
3540,అనాఫిలిస్,,False
3541,అనామకము,,False
3542,అనామకుడు,,False
3543,అనామతు,,False
3544,అనామత్తు,,False
3545,అనామత్తు ఖాతా,,False
3546,అనామధేయము,,False
3547,అనామధేయుడు,,False
3548,అనామధేయులు,,False
3549,అనామాతుపద్దు,,False
3550,అనామిక,,False
3551,అనాయకము,,False
3552,అనాయకము.,,False
3553,అనాయకుడు,,False
3554,అనాయత్తము,,False
3555,అనాయము,,False
3556,అనాయాసం,,False
3557,అనాయాసము,,False
3558,అనాయాసముగా,,False
3559,అనాయాసమైన,,False
3560,అనాయువు,,False
3561,అనారంభము,,False
3562,అనారతము,,False
3563,అనారాధ్యుడు,,False
3564,అనార్జవము,,False
3565,అనార్థ్ర భారమితి,,False
3566,అనార్ద్రము,,False
3567,అనార్యుడు,,False
3568,అనాల,,False
3569,అనాలు,,False
3570,అనాలోచితము,,False
3571,అనాలోచితమైన,,False
3572,అనావశ్యకము,,False
3573,అనావశ్యకమైన,,False
3574,అనావిల,,False
3575,అనావిలము,,False
3576,అనాశకము,,False
3577,అనాశకాయనము,,False
3578,అనాశ్రమి,,False
3579,అనాశ్వాసితదుఃఖితే మనసి సర్వ మసహ్యమ్,,False
3580,అనాసక్తి,,False
3581,అనాసపండ్లు,,False
3582,అనాసపువ్వు,,False
3583,అనాహత చక్రము,,False
3584,అనాహతము,,False
3585,అనాహము,,False
3586,అని,,False
3587,అనిందపూర్వము,,False
3588,అనిందితము,,False
3589,అనింద్యగ్రామ్యము,,False
3590,అనికి,,False
3591,అనిక్షువు,,False
3592,అనిగాయు,,False
3593,అనిత,,False
3594,అనితల,,False
3595,అనిత్యము,,False
3596,అనిదంపూర్వము,,False
3597,అనిద్ర,,False
3598,అనిన,,False
3599,అనిపించవచ్చు,,False
3600,అనిపించుకొను,,False
3601,అనిభృతము,,False
3602,అనిమకము,,False
3603,అనిమానము,,False
3604,అనిమిత్తము,,False
3605,అనిమిషత్వము,,False
3606,అనిమిషము,,False
3607,అనిమిషాధిపుడు,,False
3608,అనిమిషుడు,,False
3609,అనిమిషులు,,False
